Actual headLength(cm):,Actual bodyLength (cm)
5.571065992129316,61.12728114352871
