Distance (pixels),Actual Length (cm)
43.04648650006177,21.523243250030884
126.40015822774906,63.20007911387453
59.033888572581766,29.516944286290883
1016.1422144562247,508.07110722811234
